name,gender
common_voice_pl_20712156.wav,female_feminine
common_voice_pl_21752828.wav,female_feminine
common_voice_pl_20786429.wav,female_feminine
common_voice_pl_20674255.wav,female_feminine
common_voice_pl_36668694.wav,female_feminine
common_voice_pl_21772825.wav,female_feminine
common_voice_pl_20671045.wav,female_feminine
common_voice_pl_21753302.wav,female_feminine
common_voice_pl_21760453.wav,female_feminine
common_voice_pl_20826645.wav,female_feminine
common_voice_pl_25450430.wav,female_feminine
common_voice_pl_21180804.wav,female_feminine
common_voice_pl_20648212.wav,female_feminine
common_voice_pl_20839960.wav,female_feminine
common_voice_pl_20675591.wav,female_feminine
common_voice_pl_25463879.wav,female_feminine
common_voice_pl_20636732.wav,female_feminine
common_voice_pl_21650831.wav,female_feminine
common_voice_pl_20700491.wav,female_feminine
common_voice_pl_21764649.wav,female_feminine
common_voice_pl_20710502.wav,female_feminine
common_voice_pl_20843872.wav,female_feminine
common_voice_pl_20736887.wav,female_feminine
common_voice_pl_21772873.wav,female_feminine
common_voice_pl_21753084.wav,female_feminine
common_voice_pl_21768956.wav,female_feminine
common_voice_pl_21078015.wav,female_feminine
common_voice_pl_21764615.wav,female_feminine
common_voice_pl_20790220.wav,female_feminine
common_voice_pl_20710834.wav,female_feminine
common_voice_pl_20632305.wav,female_feminine
common_voice_pl_22301438.wav,female_feminine
common_voice_pl_20643907.wav,female_feminine
common_voice_pl_20839922.wav,female_feminine
common_voice_pl_21767310.wav,female_feminine
common_voice_pl_20714898.wav,female_feminine
common_voice_pl_21784594.wav,female_feminine
common_voice_pl_20616775.wav,female_feminine
common_voice_pl_20700530.wav,female_feminine
common_voice_pl_20614312.wav,female_feminine
common_voice_pl_20840004.wav,female_feminine
common_voice_pl_20747218.wav,female_feminine
common_voice_pl_20638320.wav,female_feminine
common_voice_pl_20675612.wav,female_feminine
common_voice_pl_20728948.wav,female_feminine
common_voice_pl_21644833.wav,female_feminine
common_voice_pl_27046275.wav,female_feminine
common_voice_pl_20637508.wav,female_feminine
common_voice_pl_21898410.wav,female_feminine
common_voice_pl_26360017.wav,female_feminine
common_voice_pl_21644097.wav,female_feminine
common_voice_pl_21672508.wav,female_feminine
common_voice_pl_28537346.wav,female_feminine
common_voice_pl_20710196.wav,female_feminine
common_voice_pl_22088033.wav,female_feminine
common_voice_pl_21935975.wav,female_feminine
common_voice_pl_20648054.wav,female_feminine
common_voice_pl_20644727.wav,female_feminine
common_voice_pl_20624680.wav,female_feminine
common_voice_pl_20847119.wav,female_feminine
common_voice_pl_20700437.wav,female_feminine
common_voice_pl_20826643.wav,female_feminine
common_voice_pl_20633839.wav,female_feminine
common_voice_pl_25851886.wav,female_feminine
common_voice_pl_20675507.wav,female_feminine
common_voice_pl_20631740.wav,female_feminine
common_voice_pl_22499175.wav,female_feminine
common_voice_pl_20690994.wav,female_feminine
common_voice_pl_21638359.wav,female_feminine
common_voice_pl_20711672.wav,female_feminine
common_voice_pl_21672523.wav,female_feminine
common_voice_pl_20862302.wav,female_feminine
common_voice_pl_21644623.wav,female_feminine
common_voice_pl_21660002.wav,female_feminine
common_voice_pl_20712132.wav,female_feminine
common_voice_pl_20648081.wav,female_feminine
common_voice_pl_30476825.wav,female_feminine
common_voice_pl_20747093.wav,female_feminine
common_voice_pl_25851663.wav,female_feminine
common_voice_pl_20678923.wav,female_feminine
common_voice_pl_20643439.wav,female_feminine
common_voice_pl_21764874.wav,female_feminine
common_voice_pl_25450001.wav,female_feminine
common_voice_pl_20856586.wav,female_feminine
common_voice_pl_22743289.wav,female_feminine
common_voice_pl_20712919.wav,female_feminine
common_voice_pl_25450376.wav,female_feminine
common_voice_pl_20623054.wav,female_feminine
common_voice_pl_20739528.wav,female_feminine
common_voice_pl_21731204.wav,female_feminine
common_voice_pl_22708236.wav,female_feminine
common_voice_pl_20797482.wav,female_feminine
common_voice_pl_22576218.wav,female_feminine
common_voice_pl_20709751.wav,female_feminine
common_voice_pl_21753221.wav,female_feminine
common_voice_pl_21669334.wav,female_feminine
common_voice_pl_35919078.wav,female_feminine
common_voice_pl_37085399.wav,female_feminine
common_voice_pl_20747004.wav,female_feminine
common_voice_pl_21758143.wav,female_feminine
common_voice_pl_20611859.wav,male_masculine
common_voice_pl_35082235.wav,male_masculine
common_voice_pl_20816413.wav,male_masculine
common_voice_pl_20678254.wav,male_masculine
common_voice_pl_20646803.wav,male_masculine
common_voice_pl_22717231.wav,male_masculine
common_voice_pl_20634623.wav,male_masculine
common_voice_pl_21626950.wav,male_masculine
common_voice_pl_20745216.wav,male_masculine
common_voice_pl_20632111.wav,male_masculine
common_voice_pl_38567073.wav,male_masculine
common_voice_pl_38398493.wav,male_masculine
common_voice_pl_20746177.wav,male_masculine
common_voice_pl_26209981.wav,male_masculine
common_voice_pl_21695664.wav,male_masculine
common_voice_pl_21463614.wav,male_masculine
common_voice_pl_20680960.wav,male_masculine
common_voice_pl_29304266.wav,male_masculine
common_voice_pl_20764450.wav,male_masculine
common_voice_pl_21395727.wav,male_masculine
common_voice_pl_20657240.wav,male_masculine
common_voice_pl_20894341.wav,male_masculine
common_voice_pl_20676055.wav,male_masculine
common_voice_pl_20910162.wav,male_masculine
common_voice_pl_20728631.wav,male_masculine
common_voice_pl_39653735.wav,male_masculine
common_voice_pl_27530047.wav,male_masculine
common_voice_pl_20641806.wav,male_masculine
common_voice_pl_20689131.wav,male_masculine
common_voice_pl_20664457.wav,male_masculine
common_voice_pl_20636053.wav,male_masculine
common_voice_pl_23357485.wav,male_masculine
common_voice_pl_20640234.wav,male_masculine
common_voice_pl_20657159.wav,male_masculine
common_voice_pl_20771482.wav,male_masculine
common_voice_pl_38518541.wav,male_masculine
common_voice_pl_20697761.wav,male_masculine
common_voice_pl_22368931.wav,male_masculine
common_voice_pl_25991055.wav,male_masculine
common_voice_pl_30515635.wav,male_masculine
common_voice_pl_25558346.wav,male_masculine
common_voice_pl_22649954.wav,male_masculine
common_voice_pl_20638057.wav,male_masculine
common_voice_pl_23877188.wav,male_masculine
common_voice_pl_35130827.wav,male_masculine
common_voice_pl_20617936.wav,male_masculine
common_voice_pl_20649859.wav,male_masculine
common_voice_pl_20651528.wav,male_masculine
common_voice_pl_21321673.wav,male_masculine
common_voice_pl_25121167.wav,male_masculine
common_voice_pl_22250973.wav,male_masculine
common_voice_pl_20790289.wav,male_masculine
common_voice_pl_20932828.wav,male_masculine
common_voice_pl_20603074.wav,male_masculine
common_voice_pl_30654911.wav,male_masculine
common_voice_pl_20966936.wav,male_masculine
common_voice_pl_20697751.wav,male_masculine
common_voice_pl_20669214.wav,male_masculine
common_voice_pl_30428071.wav,male_masculine
common_voice_pl_20947921.wav,male_masculine
common_voice_pl_21187092.wav,male_masculine
common_voice_pl_25898565.wav,male_masculine
common_voice_pl_20607352.wav,male_masculine
common_voice_pl_21621090.wav,male_masculine
common_voice_pl_22786178.wav,male_masculine
common_voice_pl_25838360.wav,male_masculine
common_voice_pl_20622734.wav,male_masculine
common_voice_pl_20636933.wav,male_masculine
common_voice_pl_20876468.wav,male_masculine
common_voice_pl_21396203.wav,male_masculine
common_voice_pl_21020183.wav,male_masculine
common_voice_pl_20606391.wav,male_masculine
common_voice_pl_30310875.wav,male_masculine
common_voice_pl_20606735.wav,male_masculine
common_voice_pl_21270456.wav,male_masculine
common_voice_pl_20640001.wav,male_masculine
common_voice_pl_20816226.wav,male_masculine
common_voice_pl_20795238.wav,male_masculine
common_voice_pl_20673245.wav,male_masculine
common_voice_pl_20773957.wav,male_masculine
common_voice_pl_20654415.wav,male_masculine
common_voice_pl_20970066.wav,male_masculine
common_voice_pl_21957679.wav,male_masculine
common_voice_pl_26201071.wav,male_masculine
common_voice_pl_20612455.wav,male_masculine
common_voice_pl_20910248.wav,male_masculine
common_voice_pl_23967014.wav,male_masculine
common_voice_pl_20615803.wav,male_masculine
common_voice_pl_20663523.wav,male_masculine
common_voice_pl_30427852.wav,male_masculine
common_voice_pl_30427700.wav,male_masculine
common_voice_pl_20912005.wav,male_masculine
common_voice_pl_23751405.wav,male_masculine
common_voice_pl_20640266.wav,male_masculine
common_voice_pl_20608977.wav,male_masculine
common_voice_pl_20651434.wav,male_masculine
common_voice_pl_20643042.wav,male_masculine
common_voice_pl_20765534.wav,male_masculine
common_voice_pl_20619941.wav,male_masculine
common_voice_pl_20619084.wav,male_masculine
